Jessalyn Keeri,3186
Jacynth Melhuish,7978
Desi Pagon,7250
Ethelind Glaserman,3634
Stephanus Garnson,5290
Cordelie Milmith,3011
Modesta Faraker,5113
Laraine Castagnier,5595
Orson Ramsby,7369
Antonetta Edeler,4567
Vikky McCreary,4104
Gardy Ormond,4982
Levey Viggars,1373
Wenonah Gash,2715
Dalila Beange,2158
Auberta Bainton,4235
Bobette Barczynski,4618
Darci Dayly,6684
Eugenia Cattel,6648
Ivor Meegin,1112
Randee Pittford,8835
Cristian Domone,8852
Sinclair Nice,2845
Odella Hiley,9136
Marni Dawkins,9360
Mariellen Limon,1583
Faith Creebo,5064
Arlee Berth,8842
Marcel Eastment,7426
Jewelle Wynter,4199
Cilka Egglestone,5868
Rodolfo Dreelan,9053
Vin Secret,5583
Natalya Iskov,8310
Anna-maria Hughes,8521
Paula Davidson,9572
Valencia Kaasman,6862
Moore Jeyes,3284
Verene Sanz,8510
Nadeen Vaudre,1731
Simonne Lamping,8407
Tonie Gailor,7111
Kelila Teresse,3185
Sella Routledge,3318
Roley Dmitrienko,3503
Alfy Tinton,2589
Humfrid Loidl,1630
Amery Rabbe,8618
Wendy Loalday,3150
Sunny Liebmann,9046
